<?xml version="1.0" encoding="utf-8"?>
<Geometry>
    <Dimensions Lx="200000000.000" Ly="200000000.000"/>
    <Wall Id="0" MaterialId="1">
        <Corners>
            <Corner Coordinates="-100000000.000,-100000000.000"/>
            <Corner Coordinates="-100000000.000,100000000.000"/>
            <Corner Coordinates="100000000.000,100000000.000"/>
            <Corner Coordinates="100000000.000,-100000000.000"/>
            <Corner Coordinates="-100000000.000,-100000000.000"/>
        </Corners>
    </Wall>
</Geometry>
