<?xml version="1.0" encoding="utf-8"?>
<Materials>
    <Intrinsic>
        <Material Id="0" Name="asphalt" YoungModulus="1.00e+06" ShearModulus="1.00e+06"/>
        <Material Id="1" Name="stone" YoungModulus="1.00e+06" ShearModulus="1.00e+06"/>
        <Material Id="2" Name="iron" YoungModulus="1.00e+06" ShearModulus="1.00e+06"/>
        <Material Id="3" Name="wood" YoungModulus="1.00e+06" ShearModulus="1.00e+06"/>
        <Material Id="4" Name="human" YoungModulus="1.00e+06" ShearModulus="1.00e+06"/>
    </Intrinsic>
    <Binary>
        <Contact Id1="0" Id2="0" GammaNormal="1.30e+04" GammaTangential="1.30e+04" KineticFriction="0.50"/>
        <Contact Id1="0" Id2="1" GammaNormal="1.30e+04" GammaTangential="1.30e+04" KineticFriction="0.50"/>
        <Contact Id1="0" Id2="2" GammaNormal="1.30e+04" GammaTangential="1.30e+04" KineticFriction="0.50"/>
        <Contact Id1="0" Id2="3" GammaNormal="1.30e+04" GammaTangential="1.30e+04" KineticFriction="0.50"/>
        <Contact Id1="0" Id2="4" GammaNormal="1.30e+04" GammaTangential="1.30e+04" KineticFriction="0.50"/>
        <Contact Id1="1" Id2="1" GammaNormal="1.30e+04" GammaTangential="1.30e+04" KineticFriction="0.50"/>
        <Contact Id1="1" Id2="2" GammaNormal="1.30e+04" GammaTangential="1.30e+04" KineticFriction="0.50"/>
        <Contact Id1="1" Id2="3" GammaNormal="1.30e+04" GammaTangential="1.30e+04" KineticFriction="0.50"/>
        <Contact Id1="1" Id2="4" GammaNormal="1.30e+04" GammaTangential="1.30e+04" KineticFriction="0.50"/>
        <Contact Id1="2" Id2="2" GammaNormal="1.30e+04" GammaTangential="1.30e+04" KineticFriction="0.50"/>
        <Contact Id1="2" Id2="3" GammaNormal="1.30e+04" GammaTangential="1.30e+04" KineticFriction="0.50"/>
        <Contact Id1="2" Id2="4" GammaNormal="1.30e+04" GammaTangential="1.30e+04" KineticFriction="0.50"/>
        <Contact Id1="3" Id2="3" GammaNormal="1.30e+04" GammaTangential="1.30e+04" KineticFriction="0.50"/>
        <Contact Id1="3" Id2="4" GammaNormal="1.30e+04" GammaTangential="1.30e+04" KineticFriction="0.50"/>
        <Contact Id1="4" Id2="4" GammaNormal="1.30e+04" GammaTangential="1.30e+04" KineticFriction="0.50"/>
    </Binary>
</Materials>
